{ "compressionlevel":-1,
 "editorsettings":
    {
     "export":
        {
         "target":"."
        }
    },
 "height":8,
 "infinite":false,
 "layers":[
        {
         "data":[3, 56, 63, 59, 59, 59, 59, 59, 64, 48, 3, 56, 58, 183, 59, 226, 59, 183, 60, 10, 3, 56, 33, 184, 10, 10, 10, 184, 10, 10, 3, 56, 33, 10, 10, 10, 10, 10, 10, 4, 3, 56, 201, 10, 10, 10, 10, 10, 4, 4, 3, 56, 201, 201, 10, 10, 10, 10, 10, 4, 3, 47, 48, 48, 48, 48, 48, 48, 48, 48, 3, 63, 59, 59, 59, 59, 59, 59, 59, 59],
         "height":8,
         "id":1,
         "name":"Tiles",
         "opacity":1,
         "type":"tilelayer",
         "visible":true,
         "width":10,
         "x":0,
         "y":0
        }, 
        {
         "draworder":"topdown",
         "id":2,
         "name":"EntityLayer",
         "objects":[
                {
                 "height":8,
                 "id":1,
                 "name":"1:07:25d:50:7c",
                 "rotation":0,
                 "type":"warp",
                 "visible":true,
                 "width":8,
                 "x":0,
                 "y":0
                }],
         "opacity":1,
         "type":"objectgroup",
         "visible":true,
         "x":0,
         "y":0
        }],
 "nextlayerid":1,
 "nextobjectid":2,
 "orientation":"orthogonal",
 "properties":[
        {
         "name":"animationset",
         "type":"string",
         "value":"00"
        }, 
        {
         "name":"attribset",
         "type":"string",
         "value":"25:3400"
        }, 
        {
         "name":"palette",
         "type":"string",
         "value":"19"
        }, 
        {
         "name":"tileset",
         "type":"string",
         "value":"1C"
        }],
 "renderorder":"right-down",
 "tiledversion":"1.4.3",
 "tileheight":16,
 "tilesets":[
        {
         "columns":16,
         "firstgid":1,
         "image":"tiles_1c_00_19_25_3400.png",
         "imageheight":256,
         "imagewidth":256,
         "margin":0,
         "name":"main",
         "spacing":0,
         "tilecount":256,
         "tileheight":16,
         "tilewidth":16
        }],
 "tilewidth":16,
 "type":"map",
 "version":1.4,
 "width":10
}