{ "compressionlevel":-1,
 "editorsettings":
    {
     "export":
        {
         "target":"."
        }
    },
 "height":8,
 "infinite":false,
 "layers":[
        {
         "data":[48, 54, 58, 59, 59, 225, 59, 59, 60, 46, 4, 4, 4, 4, 4, 4, 4, 4, 4, 57, 4, 4, 4, 4, 4, 93, 93, 93, 4, 77, 4, 4, 12, 12, 4, 93, 93, 93, 93, 4, 4, 4, 12, 4, 4, 4, 93, 93, 4, 4, 4, 4, 12, 4, 4, 4, 4, 4, 4, 4, 48, 73, 225, 74, 48, 73, 75, 74, 48, 48, 59, 59, 225, 59, 59, 59, 59, 59, 59, 59],
         "height":8,
         "id":1,
         "name":"Tiles",
         "opacity":1,
         "type":"tilelayer",
         "visible":true,
         "width":10,
         "x":0,
         "y":0
        }, 
        {
         "draworder":"topdown",
         "id":2,
         "name":"EntityLayer",
         "objects":[],
         "opacity":1,
         "type":"objectgroup",
         "visible":true,
         "x":0,
         "y":0
        }],
 "nextlayerid":1,
 "nextobjectid":1,
 "orientation":"orthogonal",
 "properties":[
        {
         "name":"animationset",
         "type":"string",
         "value":"00"
        }, 
        {
         "name":"attribset",
         "type":"string",
         "value":"22:0000"
        }, 
        {
         "name":"palette",
         "type":"string",
         "value":"16"
        }, 
        {
         "name":"tileset",
         "type":"string",
         "value":"0F"
        }],
 "renderorder":"right-down",
 "tiledversion":"1.4.3",
 "tileheight":16,
 "tilesets":[
        {
         "columns":16,
         "firstgid":1,
         "image":"tiles_0f_00_16_22_0000.png",
         "imageheight":256,
         "imagewidth":256,
         "margin":0,
         "name":"main",
         "spacing":0,
         "tilecount":256,
         "tileheight":16,
         "tilewidth":16
        }],
 "tilewidth":16,
 "type":"map",
 "version":1.4,
 "width":10
}