{ "compressionlevel":-1,
 "editorsettings":
    {
     "export":
        {
         "target":"."
        }
    },
 "height":8,
 "infinite":false,
 "layers":[
        {
         "data":[43, 42, 63, 59, 59, 59, 59, 59, 64, 42, 42, 43, 63, 59, 183, 216, 183, 59, 64, 40, 43, 41, 58, 183, 184, 226, 184, 183, 60, 11, 41, 82, 82, 28, 28, 28, 28, 82, 19, 5, 82, 28, 28, 28, 28, 28, 28, 27, 23, 5, 82, 82, 28, 28, 82, 82, 28, 19, 33, 5, 82, 82, 82, 28, 28, 28, 28, 19, 33, 5, 38, 39, 38, 39, 38, 39, 38, 39, 38, 39],
         "height":8,
         "id":1,
         "name":"Tiles",
         "opacity":1,
         "type":"tilelayer",
         "visible":true,
         "width":10,
         "x":0,
         "y":0
        }, 
        {
         "draworder":"topdown",
         "id":2,
         "name":"EntityLayer",
         "objects":[
                {
                 "height":8,
                 "id":1,
                 "name":"1:01:136:50:7c",
                 "rotation":0,
                 "type":"warp",
                 "visible":true,
                 "width":8,
                 "x":0,
                 "y":0
                }],
         "opacity":1,
         "type":"objectgroup",
         "visible":true,
         "x":0,
         "y":0
        }],
 "nextlayerid":1,
 "nextobjectid":2,
 "orientation":"orthogonal",
 "properties":[
        {
         "name":"animationset",
         "type":"string",
         "value":"03"
        }, 
        {
         "name":"attribset",
         "type":"string",
         "value":"22:3400"
        }, 
        {
         "name":"palette",
         "type":"string",
         "value":"0E"
        }, 
        {
         "name":"tileset",
         "type":"string",
         "value":"36"
        }],
 "renderorder":"right-down",
 "tiledversion":"1.4.3",
 "tileheight":16,
 "tilesets":[
        {
         "columns":16,
         "firstgid":1,
         "image":"tiles_36_03_0e_22_3400.png",
         "imageheight":256,
         "imagewidth":256,
         "margin":0,
         "name":"main",
         "spacing":0,
         "tilecount":256,
         "tileheight":16,
         "tilewidth":16
        }],
 "tilewidth":16,
 "type":"map",
 "version":1.4,
 "width":10
}