{ "compressionlevel":-1,
 "editorsettings":
    {
     "export":
        {
         "target":"."
        }
    },
 "height":8,
 "infinite":false,
 "layers":[
        {
         "data":[56, 4, 4, 4, 12, 4, 4, 4, 4, 57, 52, 54, 4, 4, 4, 9, 9, 9, 55, 53, 9, 9, 9, 9, 9, 9, 9, 9, 9, 9, 9, 183, 184, 9, 9, 9, 9, 9, 37, 9, 9, 206, 207, 36, 9, 9, 9, 9, 9, 9, 9, 9, 36, 9, 9, 9, 9, 9, 9, 9, 31, 31, 31, 31, 31, 31, 31, 31, 31, 31, 32, 32, 32, 32, 32, 32, 32, 32, 32, 32],
         "height":8,
         "id":1,
         "name":"Tiles",
         "opacity":1,
         "type":"tilelayer",
         "visible":true,
         "width":10,
         "x":0,
         "y":0
        }, 
        {
         "draworder":"topdown",
         "id":2,
         "name":"EntityLayer",
         "objects":[
                {
                 "height":16,
                 "id":1,
                 "name":"HEART_PIECE",
                 "rotation":0,
                 "type":"entity",
                 "visible":true,
                 "width":16,
                 "x":80,
                 "y":80
                }],
         "opacity":1,
         "type":"objectgroup",
         "visible":true,
         "x":0,
         "y":0
        }],
 "nextlayerid":1,
 "nextobjectid":2,
 "orientation":"orthogonal",
 "properties":[
        {
         "name":"animationset",
         "type":"string",
         "value":"02"
        }, 
        {
         "name":"attribset",
         "type":"string",
         "value":"22:1000"
        }, 
        {
         "name":"palette",
         "type":"string",
         "value":"01"
        }, 
        {
         "name":"tileset",
         "type":"string",
         "value":"22"
        }],
 "renderorder":"right-down",
 "tiledversion":"1.4.3",
 "tileheight":16,
 "tilesets":[
        {
         "columns":16,
         "firstgid":1,
         "image":"tiles_22_02_01_22_1000.png",
         "imageheight":256,
         "imagewidth":256,
         "margin":0,
         "name":"main",
         "spacing":0,
         "tilecount":256,
         "tileheight":16,
         "tilewidth":16
        }],
 "tilewidth":16,
 "type":"map",
 "version":1.4,
 "width":10
}